relationship,p_six,p_kotias,fold,broken
Mycenaean <- Minoan + Yamnaya  [HEADLINE],0.51128944945165,0.012188714346211889,41.94777520654201,TRUE
Turkey_MLBA <- Turkey_EBA + Eneolithic,0.5015379825485916,8.990590384065591e-6,55784.766197055185,TRUE
Turkey_MLBA <- Turkey_EBA + Yamnaya,0.5818887470542029,2.29460099289283e-4,2535.903840608946,TRUE
Turkey_MLBA <- Minoan + Iran + Yamnaya  [not a true relationship],0.254269066438514,0.2660487948099055,0.955723428930365,FALSE
