reference_removed,p_without
Mbuti,0.3659808016279034
Italy_Sicily_Epigravettian,0.3909649910951589
Russia_Kostenki_UP,0.4561334250428323
Papuan,0.5822279747021843
Serbia_IronGates_Mesolithic,0.370352262456091
Morocco_Iberomaurusian,0.6863656592968049
