reference_removed,p_without
Mbuti,0.3659659373851795
Italy_Sicily_Epigravettian,0.39093707201401995
Russia_Kostenki_UP,0.4561358391081695
Papuan,0.5822281608750933
Serbia_IronGates_Mesolithic,0.3703496957067614
Morocco_Iberomaurusian,0.6863697101748754
