model,p_six,p_kotias,w_anchor_six,w_anchor_kot,se_anchor_six,se_anchor_kot
MyDNA <- Minoan+Iran+Eneolithic,0.4060272582502287,0.2840918115873308,0.6231684955806384,0.6394314579752103,0.10271838944391966,0.09923400458371698
