relationship,p_six,p_kotias,fold,broken
Mycenaean <- Minoan + Yamnaya [HEADLINE],0.5112752388099557,0.012190008940516172,41.94215453859268,TRUE
Turkey_MLBA <- Turkey_EBA + Eneolithic,0.5015054598038413,8.993193004370288e-6,55765.00577271412,TRUE
Turkey_MLBA <- Turkey_EBA + Yamnaya,0.5818813753717654,2.2948494465928847e-4,2535.597166235339,TRUE
Turkey_MLBA <- Minoan + Iran + Yamnaya [no Turkey_EBA],0.2542546088258369,0.26605152161509593,0.9556592921639969,FALSE
