model,p_rot,p_rot_kotias
AEGEAN   (Minoan+Iran+Eneo),0.03369035255698153,0.05412824527075909
ANATOLIAN(Turkey_EBA+Iran+Yam),1.8625765865550996e-6,1.225267987516269e-6
