cell,anchor,iran_term,p_six,p_kotias,fold,baseline_admissible,broken
(1) EBA + Yam,Turkey_EBA,FALSE,0.5818813753717654,2.2948494465928847e-4,2535.597166235339,FALSE,TRUE
(2) EBA + Iran + Yam,Turkey_EBA,TRUE,0.4118980155131547,3.6580077452496554e-4,1126.0173411279725,FALSE,TRUE
(3) MIN + Yam  << MISSING CELL,Minoan,FALSE,9.807349933473655e-11,4.5232757073307573e-11,2.1681963621141054,FALSE,FALSE
(4) MIN + Iran + Yam,Minoan,TRUE,0.2542546088258369,0.26605152161509593,0.9556592921639969,FALSE,FALSE
